,predictions
0,87.67365
1,87.98556
2,87.74656
3,87.80334
4,87.52781
5,87.62052
6,87.59048
7,87.731865
8,87.460434
9,87.64442
10,87.51987
11,87.51718
12,87.460434
13,87.698586
14,87.772194
15,87.813934
16,87.813934
17,87.6574
18,87.24986
19,87.20796
20,87.67756
21,87.44981
22,87.644264
23,87.47513
24,87.11838
25,87.44981
26,87.55799
27,87.616516
28,87.58525
29,87.67852
30,87.83242
31,87.88024
32,87.734146
33,87.8071
34,87.51425
35,87.47417
36,87.33521
37,87.76855
38,87.79924
39,87.813934
40,87.767975
41,87.93013
42,88.011734
43,87.426056
44,87.384
45,87.58835
46,87.53272
47,87.4416
48,87.36399
49,87.36399
50,87.91881
51,87.737404
52,87.736115
53,87.91752
54,87.45576
55,87.42651
56,87.49001
57,87.10191
58,86.95407
59,87.53207
60,87.31464
61,87.322075
62,87.813934
63,87.57578
64,87.51718
65,87.384
66,87.51718
67,87.494545
68,87.44981
69,87.51718
70,87.17708
71,87.200264
72,87.258385
73,87.84806
74,87.69198
75,87.257675
76,87.396225
77,87.576485
78,87.139084
79,87.18588
80,87.26764
81,87.32576
82,87.245
83,87.704544
84,87.09042
85,87.28172
86,87.84282
87,87.177475
88,87.200264
89,87.83149
90,87.910065
91,87.37211
92,87.94657
93,87.07301
94,87.42605
95,87.279564
96,87.874084
97,87.57777
98,87.79486
99,87.71924
100,88.06615
101,87.90305
102,88.074585
103,87.98661
104,88.05145
105,87.813934
106,87.84806
107,87.99053
108,87.928566
109,87.915436
110,87.874084
111,87.94146
112,87.862755
113,88.0033
114,87.910194
115,88.35373
116,88.25963
117,87.91581
118,88.06615
119,88.410225
120,88.171036
121,87.782684
122,87.94131
123,87.874084
124,88.03626
125,87.66223
126,87.66666
127,87.69198
128,87.46762
129,87.2236
130,87.45429
131,87.79924
132,87.736115
133,87.862755
134,87.94995
135,87.65785
136,87.34526
137,88.035
138,87.915436
139,87.93526
140,87.26048
141,87.93013
142,87.9409
143,87.86529
144,87.87679
145,87.932915
146,87.9184
147,87.813934
148,87.78322
149,87.85059
150,87.6172
151,87.76558
152,87.485306
153,87.720795
154,87.43569
155,87.76855
156,87.52367
157,88.05145
158,87.814186
159,87.22963
160,87.72271
161,87.34047
162,87.81363
163,87.59222
164,87.58382
165,87.96971
166,87.89329
167,87.77405
168,87.86529
169,87.915436
170,87.85059
171,87.82496
172,87.74536
173,87.82775
174,88.17092
175,88.074585
176,87.8928
177,87.32396
178,87.13542
179,88.07623
180,87.85117
181,88.08585
182,87.819046
183,87.66919
184,87.36918
185,87.74289
186,87.818054
187,87.565155
188,88.111404
189,88.005295
190,88.361176
191,87.96128
192,87.69888
193,87.33101
194,87.1101
195,87.62101
196,87.30077
197,87.17374
198,87.874084
199,87.70667
200,87.715294
201,87.651825
202,87.07018
203,87.76019
204,87.57578
205,87.731865
206,87.49754
207,87.19156
208,87.12
209,87.35867
210,87.65968
211,87.716675
212,87.6001
213,87.127235
214,87.95293
215,87.79949
216,88.07774
217,88.016205
218,87.67042
219,87.617836
220,87.91882
221,87.913666
222,87.948975
223,87.770485
224,87.733894
225,87.61281
226,87.494125
227,87.01994
228,87.2028
229,87.45998
230,87.40938
231,87.190636
232,87.48904
233,87.0621
234,88.12252
235,88.22637
236,87.85957
237,87.7187
238,87.74004
239,87.33881
240,88.07754
241,87.98585
242,88.06796
243,87.737404
244,87.80521
245,87.637085
246,87.63662
247,87.96957
248,87.3584
249,87.24432
250,87.31349
251,87.94963
252,88.16844
253,87.3251
254,87.43779
255,87.99915
256,87.265656
257,87.28323
258,87.378685
259,88.70781
260,88.028145
261,88.39896
262,88.200264
263,88.42987
264,88.015144
265,88.35146
266,87.899796
267,88.364655
268,88.12675
269,88.39815
270,88.4365
271,88.25626
272,88.091034
273,87.94995
274,88.15137
275,87.93013
276,87.95502
277,88.14987
278,88.15312
279,88.0114
280,88.68179
281,88.32304
282,87.99941
283,88.560684
284,88.14817
285,88.15953
286,87.910194
287,88.24318
288,88.251564
289,88.116646
290,88.319016
291,88.10573
292,88.069
293,88.03777
294,87.7815
295,87.886375
296,88.25384
297,87.93842
298,87.87892
299,87.81991
300,87.86164
301,87.98347
302,88.03044
303,88.41797
304,88.08013
305,88.32423
306,87.817726
307,87.94974
308,88.17707
309,88.09843
310,87.459206
311,87.378685
312,88.30473
313,88.47484
314,88.08147
315,88.05375
316,87.7586
317,88.00446
318,88.218956
319,88.15846
320,88.66609
321,88.155716
322,87.855316
323,88.298805
324,87.86781
325,87.792404
326,88.010445
327,88.05946
328,87.5249
329,87.86707
330,87.74297
331,87.638504
332,88.35031
333,87.811935
334,88.72144
335,88.256294
336,88.02945
337,87.3705
338,87.7507
339,87.59462
340,88.00446
341,87.75881
342,88.05342
343,88.396675
344,87.84838
345,88.10361
346,88.004265
347,88.02692
348,87.67381
349,87.858505
350,87.803856
351,88.1548
352,87.50897
353,88.164444
354,88.088905
355,87.829994
356,88.396736
357,88.35491
358,88.236565
359,88.08497
360,87.9222
361,87.7764
362,87.69749
363,87.814186
364,88.02692
365,88.032074
366,88.156715
367,88.10652
368,88.229454
369,88.12428
370,88.271355
371,88.07771
372,88.0418
373,87.67381
374,87.87302
375,87.85248
376,87.50249
377,87.994484
378,87.39718
379,87.737404
380,87.8071
381,87.69884
382,87.7037
383,87.47985
384,88.121216
385,87.940315
386,87.90698
387,87.74297
388,87.666374
389,87.69884
390,87.9222
391,87.962364
392,87.9861
393,88.152435
394,88.14654
395,88.051994
396,87.97706
397,88.33535
398,87.927734
399,87.85832
400,87.837746
401,87.62998
402,88.079926
403,88.13091
404,87.75385
405,87.46013
406,88.052246
407,88.056725
408,88.28285
409,87.9861
410,88.15742
411,87.90481
412,88.10715
413,87.94534
414,87.76855
415,87.88593
416,87.97175
417,87.72902
418,88.03973
419,87.93252
420,87.89834
421,87.921394
422,87.70331
423,88.12478
424,87.87302
425,87.52481
426,87.89687
427,87.93252
428,88.22974
429,87.8071
430,87.900085
431,87.75158
432,87.90064
433,87.7617
434,87.50099
435,87.87302
436,87.64386
437,88.088295
438,88.074394
439,88.40633
440,88.08904
441,87.97026
442,87.949646
443,88.352554
444,88.08686
445,88.55984
446,88.30157
447,88.70415
448,88.72244
449,88.73614
450,88.842804
451,88.82591
452,88.72144
453,88.29722
454,88.558426
455,88.842804
456,88.248276
457,88.19391
458,88.41939
459,88.562225
460,88.878525
461,88.81781
462,88.20799
463,88.82591
464,87.73403
465,88.45563
466,87.995285
467,88.61286
468,88.4291
469,88.24719
470,88.53982
471,88.36941
472,88.12976
473,88.47135
474,87.87366
475,87.61319
476,87.98046
477,88.29404
478,88.254036
479,87.97976
480,87.80886
481,88.22187
482,88.32483
483,87.92245
484,87.252945
485,88.08157
486,87.694824
487,87.61773
488,87.62251
489,87.98341
490,87.54664
491,87.68124
492,88.063576
493,87.92593
494,88.03163
495,88.132095
496,88.00205
497,88.12479
498,88.143425
499,87.482956
500,87.79506
501,87.694176
502,88.00205
503,88.05439
504,88.14266
505,88.035286
506,88.251656
507,88.519516
508,88.31255
509,88.11981
510,88.20556
511,87.83369
512,87.9369
513,87.78831
514,87.96271
515,87.44066
516,87.35399
517,88.26189
518,88.5029
519,88.08497
520,88.28285
521,88.09641
522,88.24719
523,88.26637
524,88.075294
525,88.16875
526,88.10945
527,87.64754
528,88.156715
529,87.96459
530,88.358345
531,88.12906
532,88.333244
533,87.9222
534,88.100426
535,88.094795
536,88.069016
537,88.14377
538,88.09064
539,87.589005
540,87.258934
541,87.8052
542,87.91529
543,87.12763
544,87.935104
545,88.033554
546,87.73445
547,88.235306
548,87.944405
549,88.14654
550,88.287926
551,88.04207
552,88.10361
553,88.12842
554,88.138306
555,88.18499
556,88.14072
557,88.19863
558,88.414474
559,88.56679
560,88.236565
561,87.918655
562,88.18916
563,88.44219
564,88.252335
565,88.09508
566,88.014534
567,88.00828
568,88.267166
569,87.92943
570,88.106606
571,87.92245
572,88.171455
573,87.75385
574,87.88619
575,88.02692
576,87.87853
577,87.918655
578,87.95029
579,88.39485
580,87.92245
581,87.796745
582,87.77361
583,87.847244
584,88.097404
585,88.230286
586,88.114204
587,87.80896
588,87.77852
589,88.19196
590,88.96435
591,88.92243
592,88.59301
593,88.58533
594,88.880325
595,88.7662
596,88.79119
597,88.66173
598,88.70937
599,88.80757
600,88.37438
601,88.72902
602,88.74362
603,88.15912
604,88.103546
605,88.03942
606,88.065445
607,88.85255
608,88.8575
609,88.842804
610,88.71283
611,88.42313
612,88.56306
613,88.58018
614,88.34356
615,88.42349
616,88.12632
617,87.78855
618,88.11706
619,88.54584
620,88.744
621,88.15225
622,88.20949
623,87.96917
624,88.805885
625,88.54563
626,88.38792
627,88.56353
628,88.3135
629,88.16734
630,88.01675
631,88.14272
632,88.298805
633,87.8827
634,88.13134
635,87.66808
636,87.99559
637,88.02704
638,88.297295
639,87.334984
640,87.84187
641,88.00892
642,87.59066
643,87.76065
644,88.10385
645,88.16106
646,88.3666
647,88.10006
648,87.94995
649,87.79949
650,87.75385
651,88.156715
652,87.79475
653,87.79387
654,87.88035
655,87.814186
656,88.216255
657,87.736115
658,87.69778
659,87.98952
660,87.79836
661,87.682785
662,87.50897
663,87.91157
664,87.75881
665,87.918655
666,87.64754
667,87.75796
668,87.69884
669,88.192795
670,87.814186
671,87.66732
672,87.67031
673,87.76855
674,88.38067
675,88.07217
676,87.91317
677,87.76848
678,87.806244
679,87.890015
680,88.14144
681,88.21459
682,88.1333
683,87.890015
684,87.80331
685,87.84437
686,88.01292
687,88.28107
688,88.25451
689,88.09857
690,88.32779
691,88.41102
692,88.47247
693,88.40496
694,88.00512
695,87.82863
696,87.8071
697,88.11285
698,87.72416
699,87.663826
700,88.252525
701,87.73047
702,88.217354
703,88.03951
704,87.72611
705,88.47088
706,88.32273
707,88.273964
708,87.97784
709,88.16478
710,88.53626
711,88.341225
712,87.936745
713,88.01833
714,88.09241
715,88.02818
716,88.12416
717,88.11076
718,88.1807
719,87.949646
720,88.181885
721,88.18204
722,88.02746
723,87.98659
724,87.918205
725,87.87302
726,87.94398
727,87.87237
728,87.75767
729,88.05375
730,87.638504
731,87.36359
732,87.7764
733,87.8071
734,87.9578
735,87.76144
736,87.69028
737,87.87302
738,87.62831
739,87.91157
740,87.8071
741,87.582504
742,87.626434
743,87.96847
744,87.98388
745,87.76271
746,87.918686
747,87.85715
748,87.638504
749,87.905975
750,87.81231
751,87.83851
752,87.763336
753,87.6532
754,87.73516
755,88.14654
756,88.45661
757,88.06669
758,87.864845
759,87.51696
760,87.64386
761,87.96879
762,88.208405
763,87.89128
764,88.10152
765,88.11605
766,87.93378
767,87.77988
768,87.830376
769,88.487595
770,88.097595
771,88.32682
772,88.29542
773,88.07244
774,88.21991
775,88.10677
776,87.761734
777,87.79067
778,87.71877
779,88.015854
780,87.83242
781,88.14303
782,88.022675
783,87.9369
784,87.62698
785,87.62439
786,87.956764
787,88.122025
788,88.07672
789,88.027374
790,88.00512
791,88.027374
792,87.576454
793,87.45663
794,87.31852
795,87.19189
796,88.035286
797,88.34805
798,88.092155
799,88.121216
800,88.23088
801,88.176414
802,88.220566
803,88.2884
804,88.185425
805,88.32625
806,88.1125
807,88.01484
808,87.41999
809,88.08686
810,87.89497
811,87.819046
812,87.52844
813,87.77088
814,87.92645
815,87.840515
816,87.35515
817,87.53558
818,87.9738
819,87.97483
820,88.156715
821,87.38625
822,88.15225
823,88.17171
824,88.236565
825,88.22187
826,87.73004
827,87.823494
828,87.64754
829,87.84577
830,88.02777
831,88.44027
832,88.30284
833,87.890015
834,87.819046
835,87.994484
836,88.156715
837,87.7037
838,88.32885
839,88.566444
840,88.18281
841,88.13361
842,88.33526
843,88.579994
844,88.37846
845,88.00205
846,88.07237
847,87.638504
848,87.744736
849,87.82805
850,87.68389
851,87.9369
852,87.722305
853,88.48522
854,88.54546
855,88.52031
856,87.75385
857,88.09374
858,87.98512
859,87.67381
860,88.15742
861,88.24719
862,88.124985
863,88.11029
864,88.232254
865,87.938156
866,88.075134
867,87.9849
868,87.94825
869,87.94777
870,87.72416
871,88.04137
872,87.58273
873,87.88113
874,87.75276
875,87.48781
876,87.41465
877,87.22266
878,87.50743
879,87.87532
880,87.436806
881,87.626434
882,87.837944
883,87.64499
884,87.94095
885,87.398315
886,87.480736
887,87.71602
888,87.81465
889,87.88474
890,87.97228
891,87.79824
892,87.38625
893,87.09857
894,87.87532
895,87.629456
896,87.38729
897,87.756065
898,87.40358
899,87.76855
900,87.7851
901,87.60771
902,88.00854
903,88.0602
904,87.54765
905,87.503624
906,87.20081
907,88.003136
908,87.45935
909,87.75731
910,87.75767
911,88.224525
912,87.912926
913,88.37084
914,87.92562
915,87.805305
916,87.20546
917,88.00205
918,87.99669
919,88.22998
920,88.16349
921,88.22656
922,87.67704
923,87.88474
924,87.93821
925,87.91157
926,87.7951
927,88.12677
928,88.24719
929,88.17507
930,88.236565
931,87.9876
932,87.73329
933,87.305305
934,87.05115
935,87.41178
936,88.09966
937,87.93423
938,88.04207
939,87.71839
940,88.22267
941,88.18385
942,88.12892
943,87.72488
944,88.062874
945,88.24829
946,88.205986
947,88.086754
948,87.88593
949,88.00054
950,87.90967
951,88.075294
952,87.85906
953,87.92245
954,87.617836
955,88.04919
956,88.29823
957,87.8691
958,87.87005
959,87.90954
960,88.27381
961,88.132095
962,88.08423
963,87.84947
964,87.507416
965,87.79889
966,88.03864
967,87.910416
968,87.36812
969,88.233925
970,87.97189
971,87.91129
972,87.78015
973,88.465546
974,88.415
975,88.26928
976,88.292145
977,88.2985
978,88.1174
979,87.92702
980,88.16508
981,88.113335
982,87.94534
983,88.41797
984,88.253235
985,88.31951
986,88.480606
987,88.04862
988,88.13665
989,87.48209
990,88.2985
991,88.04871
992,88.07757
993,88.12892
994,88.217926
995,88.19376
996,88.01982
997,88.361176
998,88.02586
999,88.091255
1000,88.291435
1001,88.07113
1002,87.46178
1003,88.156715
1004,88.23138
1005,88.42633
1006,88.26745
1007,88.225395
1008,88.192986
1009,88.03864
1010,87.909996
1011,87.954704
1012,87.93252
1013,88.02667
1014,87.98459
1015,87.91433
1016,87.6898
1017,87.79338
1018,87.88474
1019,87.981834
1020,87.76433
1021,88.13977
1022,88.22351
1023,88.09595
1024,88.0438
1025,88.53613
1026,87.637115
1027,87.629166
1028,88.352806
1029,88.27429
1030,87.842384
1031,87.98337
1032,87.984474
1033,88.16679
1034,87.85625
1035,87.78364
1036,87.95831
1037,88.4514
1038,88.38633
1039,88.436
1040,88.26016
1041,88.29555
1042,88.36541
1043,87.71839
1044,87.96677
1045,88.25892
1046,88.07662
1047,87.662445
1048,87.46885
1049,87.29911
1050,87.31349
1051,87.560524
1052,87.921394
1053,87.814186
1054,87.9861
1055,88.12684
1056,88.09434
1057,87.67901
1058,87.95401
1059,87.77068
1060,87.7804
1061,87.74946
1062,88.05432
1063,88.25713
1064,88.02586
1065,87.66808
1066,87.75935
1067,87.35936
1068,87.67031
1069,87.8536
1070,87.8536
1071,87.73999
1072,88.33309
1073,88.21177
1074,88.20754
1075,87.838905
1076,87.35348
1077,87.797615
1078,87.95627
1079,88.028145
1080,88.233345
1081,88.01489
1082,87.93038
1083,87.924324
1084,88.02715
1085,88.60108
1086,88.32444
1087,88.39963
1088,88.33904
1089,88.4386
1090,87.745476
1091,88.11095
1092,88.65631
1093,88.05209
1094,88.57576
1095,88.64233
1096,88.56664
1097,88.26682
1098,88.17134
1099,88.6358
1100,87.89687
1101,88.384735
1102,87.71839
1103,87.51326
1104,87.91953
1105,87.35214
1106,87.70397
1107,88.168045
1108,88.056465
1109,87.68694
1110,87.925575
1111,87.21946
1112,87.71183
1113,87.61219
1114,87.77946
1115,87.694176
1116,87.567406
1117,87.40938
1118,87.71204
1119,88.02609
1120,87.6532
1121,87.73029
1122,87.87001
1123,88.01981
1124,87.8071
1125,87.67852
1126,87.45489
1127,87.845474
1128,87.64563
1129,87.72284
1130,87.50699
1131,87.794655
1132,87.74188
1133,87.71843
1134,87.71843
1135,88.08611
1136,87.68537
1137,87.701965
1138,87.702194
1139,87.83164
1140,87.825325
1141,87.3716
1142,88.04446
1143,88.13115
1144,88.054405
1145,87.89414
1146,87.97664
1147,87.51063
1148,87.98504
1149,87.71032
1150,88.17322
1151,88.24829
1152,88.12275
1153,88.16475
1154,87.738144
1155,87.63735
1156,87.80598
1157,88.11037
1158,87.6357
1159,87.73445
1160,87.84777
1161,88.39953
1162,88.60814
1163,87.962814
1164,88.25448
1165,87.68724
1166,87.66192
1167,87.84149
1168,87.5123
1169,87.74188
1170,87.548195
1171,87.420074
1172,87.34749
1173,87.216576
1174,87.694824
1175,87.66203
1176,88.11069
1177,87.505196
1178,88.132095
1179,88.18345
1180,88.18345
1181,88.27318
1182,88.086235
1183,87.627945
1184,88.07827
1185,87.52792
1186,87.541016
1187,87.91569
1188,88.24829
1189,88.21771
1190,88.2336
1191,87.73516
1192,88.1523
1193,88.24829
1194,88.27318
1195,88.44753
1196,88.04997
1197,88.17977
1198,88.09819
1199,88.24829
1200,88.313194
1201,88.27361
1202,88.13943
1203,88.00854
1204,87.7275
1205,88.39234
1206,88.16114
1207,88.03864
1208,88.03864
1209,87.88474
1210,87.96957
1211,87.744736
1212,87.93524
1213,88.23312
1214,88.12278
1215,88.595566
1216,88.00085
1217,88.08904
1218,88.23056
1219,88.22327
1220,88.225494
1221,88.481804
1222,88.37058
1223,87.96395
1224,87.87145
1225,87.99576
1226,88.42605
1227,87.95293
1228,88.02644
1229,87.808365
1230,87.88038
1231,88.17912
1232,88.29771
1233,87.95526
1234,88.04488
1235,87.709465
1236,88.445335
1237,88.11706
1238,88.02272
1239,88.052246
1240,88.04207
1241,87.92753
1242,87.811935
1243,87.88939
1244,88.0941
1245,88.32608
1246,88.04207
1247,87.91285
1248,87.822334
1249,88.08579
1250,87.99499
1251,88.07757
1252,87.84469
1253,88.28787
1254,87.96737
1255,88.08466
1256,88.236565
1257,88.132095
1258,87.71652
1259,88.06633
1260,88.01299
1261,87.94338
1262,88.01886
1263,87.97147
1264,88.22731
1265,88.11098
1266,88.13919
1267,88.10145
1268,87.97147
1269,87.9369
1270,88.23365
1271,87.9222
1272,88.206406
1273,88.25303
1274,87.9222
1275,88.09966
1276,88.03488
1277,88.121666
1278,88.1174
1279,88.53601
1280,88.53608
1281,88.18453
1282,88.21832
1283,88.234276
1284,87.97147
1285,88.07052
1286,88.04207
1287,88.132095
1288,87.82306
1289,88.121216
1290,87.808365
1291,87.918205
1292,88.20295
1293,88.094406
1294,88.17355
1295,88.389206
1296,88.236565
1297,88.052246
1298,88.429695
1299,88.26655
1300,87.97443
1301,87.94534
1302,87.82805
1303,87.926414
1304,88.20802
1305,88.03384
1306,87.92245
1307,87.82198
1308,87.994736
1309,87.31349
1310,88.21935
1311,87.84866
1312,87.89607
1313,88.132095
1314,88.236565
1315,88.09966
1316,87.70006
1317,88.063576
1318,87.59723
1319,87.5248
1320,87.83197
1321,88.06609
1322,87.726425
1323,87.94338
1324,87.6119
1325,88.10374
1326,88.561905
1327,88.25742
1328,88.03115
1329,87.97147
1330,87.97147
1331,87.40881
1332,88.143425
1333,88.10152
1334,88.33005
1335,87.64827
1336,87.39633
1337,87.824684
1338,88.0317
1339,88.13931
1340,88.19122
1341,87.736206
1342,87.824684
1343,87.59305
1344,87.66102
1345,87.68282
1346,87.794464
1347,87.51054
1348,87.916954
1349,87.44588
1350,87.10567
1351,87.57374
1352,87.63308
1353,87.48306
1354,87.73381
1355,87.625854
1356,87.53012
1357,87.4712
1358,87.99243
1359,87.76143
1360,87.73032
1361,87.91651
1362,87.8829
1363,87.86508
1364,87.7668
1365,87.74148
1366,87.63858
1367,87.65531
1368,87.73516
1369,87.439964
1370,87.398796
1371,87.61785
1372,87.61706
1373,87.732506
1374,87.83894
1375,87.57693
1376,87.63885
1377,87.96713
1378,88.14272
1379,88.243034
1380,88.21014
1381,88.28519
1382,87.96847
1383,87.550835
1384,87.95401
1385,87.589005
1386,87.811935
1387,88.333786
1388,88.45655
1389,88.14272
1390,88.393456
1391,88.21717
1392,88.24719
1393,88.216545
1394,88.273476
1395,88.086754
1396,87.30727
1397,87.415085
1398,88.09434
1399,87.81433
1400,88.15225
1401,88.15742
1402,88.37979
1403,88.15225
1404,88.22813
1405,88.199715
1406,88.55713
1407,88.12827
1408,87.67796
1409,87.90322
1410,87.97706
1411,87.7127
1412,88.0282
1413,87.93524
1414,87.792404
1415,88.2086
1416,87.99811
1417,88.1174
1418,87.95667
1419,88.01675
1420,88.09876
1421,88.1842
1422,87.86965
1423,88.01675
1424,87.97706
1425,87.30929
1426,87.528656
1427,87.48356
1428,88.049576
1429,88.14272
1430,87.698006
1431,88.2553
1432,87.92869
1433,87.78773
1434,87.46331
1435,88.34097
1436,88.26923
1437,88.42166
1438,88.31898
1439,88.24332
1440,87.9861
1441,88.20592
1442,88.059975
1443,88.094406
1444,88.019005
1445,87.808365
1446,87.89319
1447,88.07234
1448,88.24231
1449,87.89923
1450,87.73164
1451,87.15746
1452,87.178375
1453,87.49383
1454,87.90351
1455,87.35913
1456,87.37763
1457,87.26365
1458,88.235214
1459,88.04869
1460,87.906296
1461,88.01149
1462,87.913765
1463,88.00205
1464,87.98617
1465,87.65252
1466,88.08497
1467,87.49989
1468,87.9369
1469,87.85219
1470,87.339516
1471,87.75935
1472,87.95911
1473,88.1162
1474,88.052246
1475,88.08497
1476,87.90894
1477,88.21496
1478,88.385345
1479,88.24829
1480,88.242966
1481,88.02323
1482,88.2336
1483,87.87005
1484,88.0546
1485,87.88474
1486,87.7592
1487,87.88474
1488,87.73403
1489,87.91569
1490,87.886154
1491,88.132095
1492,88.15742
1493,88.27998
1494,87.87943
1495,87.31349
1496,87.849495
1497,87.207306
1498,88.48022
1499,88.15923
1500,88.30412
1501,87.83374
1502,88.13894
1503,88.543205
1504,88.052246
1505,87.88474
1506,88.08763
1507,87.93841
1508,88.157326
1509,87.9369
1510,87.74371
1511,88.344604
1512,88.096634
1513,87.93841
1514,88.44819
1515,88.43222
1516,88.12254
1517,88.23365
1518,88.39843
1519,88.08497
1520,88.3135
1521,88.22007
1522,88.09876
1523,87.609665
1524,87.311646
1525,87.42581
1526,87.7851
1527,88.37495
1528,88.01495
1529,87.6272
1530,87.76065
1531,87.59167
1532,88.090515
1533,87.79889
1534,87.85084
1535,87.7599
1536,88.11346
1537,88.326965
1538,88.074585
1539,88.014465
1540,88.15375
1541,87.6546
1542,88.02395
1543,87.64594
1544,87.65531
1545,87.98388
1546,87.436806
1547,87.617836
1548,87.87005
1549,87.675934
1550,87.363
1551,87.87302
1552,87.90264
1553,88.388435
1554,87.27215
1555,88.00548
1556,88.33856
1557,88.24829
1558,88.24253
1559,88.24829
1560,88.566444
1561,88.640495
1562,88.6614
1563,87.85698
1564,87.90963
1565,87.78428
1566,87.88474
1567,88.26058
1568,88.56667
1569,88.12976
1570,88.452255
1571,88.07492
1572,87.2564
1573,87.70174
1574,87.86726
1575,88.21887
1576,88.73529
1577,88.36358
1578,87.924324
1579,88.140114
1580,88.10194
1581,88.1174
1582,87.89607
1583,88.209984
1584,88.012924
1585,87.7592
1586,87.96004
1587,87.49645
1588,87.4654
1589,87.29228
1590,87.4828
1591,87.218864
1592,87.72049
1593,87.34215
1594,87.99332
1595,88.18944
1596,88.20413
1597,87.9861
1598,88.059975
1599,88.24609
1600,87.819046
1601,87.94171
1602,87.65632
1603,88.033554
1604,87.92245
1605,87.232506
1606,87.93157
1607,88.054405
1608,88.08763
1609,87.85832
1610,87.78092
1611,88.17828
1612,87.84565
1613,88.25764
1614,88.30395
1615,87.954704
1616,87.47608
1617,87.98387
1618,87.92245
1619,87.93524
1620,87.93565
1621,87.74536
1622,87.41999
1623,87.7764
1624,87.89607
1625,87.77893
1626,88.03485
1627,87.99706
1628,87.694824
1629,87.68781
1630,87.64754
1631,87.8794
1632,87.90775
1633,87.82198
1634,87.75385
1635,87.97482
1636,88.02395
1637,87.78976
1638,87.79715
1639,87.850235
1640,88.2086
1641,88.0546
1642,87.48393
1643,87.28235
1644,87.760056
1645,87.42389
1646,87.90963
1647,87.52499
1648,88.04997
1649,87.86602
1650,88.09936
1651,87.74332
1652,87.96847
1653,87.288475
1654,87.35348
1655,87.82934
1656,87.82198
1657,87.77843
1658,88.049286
1659,87.566345
1660,87.75308
1661,87.91908
1662,87.8875
1663,88.05325
1664,88.044785
1665,87.98617
1666,88.00205
1667,87.95931
1668,87.98478
1669,87.859604
1670,87.9861
1671,87.98617
1672,87.84469
1673,87.7037
1674,88.02447
1675,88.08904
1676,88.10152
1677,88.07594
1678,87.78979
1679,88.121216
1680,87.90321
1681,88.05477
1682,87.33973
1683,87.13344
1684,87.94643
1685,88.33731
1686,88.00464
1687,88.19177
1688,88.09245
1689,87.6532
1690,87.54688
1691,88.313354
1692,88.217575
1693,88.04462
1694,88.03773
1695,88.167244
1696,87.734146
1697,87.75881
1698,88.533646
1699,88.06448
1700,87.99122
1701,88.28642
1702,88.046074
1703,88.01675
1704,88.28088
1705,88.1665
1706,87.911354
1707,88.143326
1708,87.86323
1709,87.646355
1710,87.88565
1711,87.86899
1712,87.94836
1713,87.84702
1714,88.12988
1715,87.817955
1716,87.258934
1717,87.62122
1718,87.644066
1719,87.88105
1720,87.324646
1721,87.33683
1722,87.26365
1723,87.51718
1724,87.8071
1725,87.7127
1726,87.50249
1727,87.344666
1728,87.7127
1729,88.04137
1730,88.00205
1731,88.006256
1732,87.622055
1733,87.50249
1734,87.63544
1735,87.638504
1736,87.97706
1737,88.27
1738,88.109535
1739,87.80298
1740,88.28072
1741,87.82771
1742,87.7224
1743,87.47222
1744,87.6532
1745,87.51718
1746,87.12763
1747,87.87046
1748,87.98341
1749,87.49381
1750,87.54688
1751,87.55249
1752,87.75767
1753,87.39362
1754,87.54785
1755,87.67471
1756,87.74413
1757,88.12906
1758,87.51269
1759,87.86781
1760,87.31338
1761,87.28787
1762,87.01201
1763,87.92364
1764,88.0337
1765,87.73275
1766,87.9861
1767,88.075874
1768,87.926414
1769,87.90775
1770,87.84838
1771,87.96885
1772,87.80131
1773,87.46033
1774,87.76439
1775,87.5249
1776,87.66092
1777,87.90321
1778,87.97706
1779,87.965706
1780,88.027374
1781,87.99292
1782,88.01675
1783,88.0516
1784,88.01611
1785,87.5203
1786,87.54688
1787,87.50249
1788,87.5615
1789,87.51718
1790,87.43511
1791,87.752884
1792,87.617645
1793,87.699135
1794,87.56277
1795,87.74297
1796,87.6532
1797,87.66076
1798,87.6532
1799,87.72284
1800,87.80944
1801,87.50517
1802,87.81482
1803,88.07771
1804,88.02457
1805,87.70038
1806,87.77846
1807,87.736115
1808,87.743965
1809,87.725586
1810,88.2992
1811,87.89259
1812,87.65968
1813,87.00805
1814,87.20718
1815,87.58969
1816,87.52172
1817,87.34784
1818,87.38466
1819,87.42225
1820,87.627266
1821,87.38696
1822,87.34221
1823,87.15733
1824,87.73516
1825,88.00854
1826,86.96164
1827,87.2564
1828,87.230644
1829,87.890015
1830,87.09857
1831,88.0819
1832,87.646194
1833,88.222115
1834,88.22187
1835,88.11346
1836,88.11099
1837,87.79067
1838,88.05423
1839,87.24348
1840,87.395065
1841,87.83851
1842,87.47608
1843,87.29063
1844,87.14663
1845,87.294716
1846,87.59222
1847,87.800385
1848,87.32106
1849,87.177475
1850,87.6532
1851,87.494545
1852,88.089554
1853,88.2992
1854,88.123405
1855,88.20524
1856,87.90567
1857,88.10112
1858,88.02395
1859,88.18345
1860,87.84613
1861,88.22701
1862,88.2086
1863,87.93524
1864,88.14783
1865,87.910065
1866,88.03755
1867,88.1174
1868,88.14272
1869,88.269485
1870,88.68229
1871,87.94171
1872,87.88138
1873,88.01139
1874,87.849495
1875,88.38127
1876,88.11773
1877,87.74803
1878,88.1036
1879,88.251884
1880,88.30654
1881,88.01966
1882,88.32987
1883,87.95073
1884,87.93841
1885,87.7676
1886,88.24813
1887,88.20509
1888,88.14025
1889,88.04927
1890,87.779175
1891,87.41847
1892,88.1036
1893,87.94782
1894,88.247894
1895,88.0159
1896,87.94879
1897,87.938934
1898,87.83938
1899,88.132095
1900,87.86781
1901,87.45866
1902,87.67865
1903,87.59723
1904,87.82951
1905,87.735115
1906,87.868866
1907,87.7082
1908,87.829094
1909,88.09241
1910,88.078514
1911,88.236565
1912,87.97706
1913,87.97706
1914,87.83648
1915,88.22266
1916,87.64399
1917,87.824684
1918,87.65531
1919,88.00205
1920,87.89825
1921,87.84507
1922,87.76518
1923,87.40881
1924,87.70624
1925,87.60547
1926,87.97706
1927,87.890015
1928,88.3135
1929,87.63253
1930,87.9222
1931,87.68532
1932,87.68532
1933,87.94534
1934,88.1675
1935,87.82198
1936,87.459206
1937,87.9222
1938,87.62122
1939,87.576485
1940,87.86265
1941,87.9222
1942,87.64386
1943,87.76518
1944,87.5546
1945,87.6532
1946,87.598625
1947,87.69884
1948,87.582466
1949,87.53669
1950,87.72142
1951,87.576485
1952,88.00512
1953,88.04708
1954,87.97137
1955,88.06088
1956,87.30929
1957,87.609566
1958,87.8199
1959,87.64754
1960,87.66808
1961,87.84107
1962,87.78861
1963,88.132095
1964,87.8876
1965,88.08497
1966,88.21993
1967,88.12348
1968,87.949936
1969,87.82072
1970,87.65968
1971,87.814186
1972,87.76855
1973,88.069466
1974,88.00205
1975,88.01675
1976,88.09064
1977,88.0387
1978,87.971405
1979,87.736115
1980,87.78876
1981,87.81287
1982,87.324005
1983,87.66808
1984,87.76855
1985,87.84187
1986,87.48356
1987,87.80999
1988,88.20728
1989,87.71839
1990,87.813934
1991,87.6001
1992,87.88928
1993,87.12763
1994,87.638504
1995,87.6532
1996,87.45377
1997,87.01877
1998,87.26365
1999,87.90698
2000,87.87844
2001,87.72462
2002,87.56179
2003,87.74273
2004,88.01675
2005,88.00205
2006,87.653145
2007,87.32177
2008,87.46469
2009,87.75767
2010,87.65785
2011,87.54688
2012,87.2267
2013,87.85127
2014,88.00205
2015,87.829994
2016,88.13184
2017,87.97706
2018,88.121216
2019,88.445656
2020,88.01675
2021,88.026276
2022,88.00205
2023,88.033646
2024,88.25396
2025,88.06669
2026,88.04207
2027,87.996315
2028,87.74371
2029,88.027374
2030,88.04212
2031,87.30929
2032,87.232506
2033,87.5615
2034,87.95094
2035,88.09399
2036,87.651405
2037,87.492836
2038,87.485565
2039,87.51718
2040,87.39495
2041,88.02044
2042,87.89607
2043,87.40202
2044,87.422134
2045,87.93423
2046,87.78979
2047,88.07929
2048,87.29004
2049,87.622055
2050,87.74914
2051,87.6532
2052,87.50249
2053,87.7667
2054,87.75767
2055,87.45576
2056,87.43511
2057,87.9369
2058,87.65632
2059,88.00205
2060,87.94171
2061,87.77988
2062,87.77988
2063,87.77988
2064,87.84507
2065,87.54835
2066,87.66877
2067,87.08104
2068,88.01675
2069,88.25466
2070,87.29175
2071,87.11742
2072,87.35868
2073,87.636536
2074,87.29063
2075,87.50897
2076,87.868866
2077,87.58332
2078,87.38703
2079,87.620804
2080,87.20371
2081,87.54364
2082,87.9369
2083,87.88395
2084,88.00205
2085,87.91767
2086,88.01675
2087,87.73907
2088,87.97404
2089,87.88474
2090,88.29499
2091,87.62165
2092,87.643005
2093,87.54562
2094,87.86303
2095,87.5391
2096,87.39362
2097,88.24874
2098,88.06288
2099,87.67561
2100,87.49947
2101,88.31571
2102,88.19416
2103,87.89319
2104,87.8525
2105,87.59313
2106,87.75762
2107,87.60736
2108,87.57319
2109,88.2427
2110,88.32201
2111,88.28072
2112,88.306816
2113,87.69752
2114,88.09768
2115,87.87106
2116,87.95112
2117,87.909134
2118,87.77828
2119,87.48454
2120,88.15765
2121,87.50825
2122,87.5391
2123,87.770485
2124,87.936424
2125,88.05677
2126,87.657364
2127,87.79759
2128,88.01988
2129,87.88059
2130,87.622406
2131,87.69268
2132,87.258934
2133,87.69268
2134,88.2381
2135,88.26213
2136,87.936424
2137,88.524666
2138,88.54075
2139,87.97971
2140,87.85422
2141,88.11605
2142,88.76453
2143,88.43957
2144,88.274734
2145,87.15733
2146,87.6365
2147,88.00205
2148,87.94146
2149,87.76144
2150,87.54688
2151,87.90063
2152,88.31199
2153,88.41336
2154,87.66918
2155,87.90385
2156,87.629166
2157,87.26365
2158,87.747444
2159,87.463165
2160,87.69268
2161,87.67561
2162,88.0161
2163,88.012924
2164,87.74805
2165,87.6532
2166,87.81548
2167,87.64447
2168,87.622055
2169,87.305305
2170,87.18504
2171,87.577965
2172,87.84503
2173,88.18661
2174,87.75503
2175,87.73192
2176,87.51718
2177,87.894104
2178,87.47985
2179,87.62784
2180,87.43625
2181,87.629166
2182,88.04207
2183,88.059975
2184,88.10652
2185,88.08153
2186,87.9222
2187,87.94777
2188,87.829346
2189,88.00205
2190,87.962364
2191,87.58428
2192,87.69884
2193,87.12763
2194,87.7127
2195,87.78916
2196,87.6532
2197,87.792404
2198,88.01675
2199,88.04207
2200,88.044785
2201,88.00205
2202,88.086754
2203,88.01158
2204,88.15742
2205,88.01675
2206,88.01675
2207,87.90775
2208,88.38501
2209,87.1528
2210,87.86323
2211,87.534996
2212,87.71839
2213,87.69884
2214,87.50249
2215,88.01675
2216,88.06683
2217,87.99555
2218,87.95544
2219,87.93379
2220,87.829994
2221,88.34376
2222,88.01675
2223,87.97706
2224,88.061806
2225,87.98341
2226,87.98081
2227,87.78008
2228,87.96641
2229,87.93379
2230,88.122604
2231,87.93379
2232,87.76282
2233,87.638504
2234,87.3543
2235,87.09485
2236,87.576485
2237,87.92642
2238,87.995476
2239,87.96166
2240,87.8535
2241,87.72125
2242,87.72125
2243,87.60585
2244,87.622055
2245,87.60958
2246,87.882744
2247,87.574905
2248,87.771935
2249,87.896385
2250,87.83492
2251,87.8299
2252,87.53464
2253,87.74255
2254,87.63429
2255,87.84076
2256,87.51417
2257,87.48454
2258,87.892975
2259,87.83568
2260,87.73044
2261,87.72123
2262,87.36336
2263,87.58309
2264,88.23365
2265,87.59599
2266,87.893135
2267,88.31647
2268,88.28285
2269,88.02343
2270,88.15846
2271,88.00205
2272,88.3135
2273,88.35124
2274,88.27197
2275,88.166885
2276,88.3135
2277,88.33356
2278,87.89817
2279,87.72416
2280,87.72416
2281,87.79457
2282,87.84058
2283,87.24805
2284,87.26937
2285,87.60771
2286,87.73404
2287,87.45576
2288,88.03114
2289,87.73516
2290,87.85241
2291,87.72142
2292,88.209335
2293,87.82286
2294,87.84058
2295,87.67197
2296,87.50249
2297,88.12479
2298,87.85508
2299,87.98478
2300,88.10731
2301,88.10374
2302,88.143425
2303,87.94462
2304,88.00205
2305,87.29022
2306,87.6532
2307,87.57677
2308,87.6532
2309,87.02725
2310,87.54688
2311,87.53207
2312,87.12763
2313,87.62275
2314,87.5396
2315,87.162056
2316,88.01675
2317,87.75308
2318,87.662186
2319,87.622055
2320,87.84058
2321,87.51718
2322,87.96885
2323,87.47042
2324,87.8199
2325,87.75802
2326,88.03997
2327,88.11493
2328,87.8122
2329,88.11719
2330,88.1707
2331,87.83323
2332,88.226105
2333,88.00438
2334,88.124214
2335,87.779274
2336,88.514496
2337,88.32798
2338,88.226105
2339,87.638504
2340,87.9155
2341,87.6532
2342,87.42482
2343,87.86265
2344,88.04528
2345,87.64386
2346,87.6532
2347,87.61143
2348,87.372536
2349,87.87663
2350,88.02447
2351,88.41534
2352,88.29842
2353,88.0897
2354,87.89154
2355,87.92753
2356,88.5786
2357,88.52045
2358,88.57681
2359,88.561356
2360,88.6501
2361,88.35962
2362,88.50957
2363,88.56666
2364,88.41675
2365,87.984085
2366,88.36175
2367,88.29066
2368,88.034035
2369,88.133484
2370,88.17005
2371,88.33793
2372,88.52026
2373,88.21725
2374,88.18213
2375,87.83951
2376,87.79387
2377,87.54688
2378,88.235596
2379,88.43442
2380,88.72274
2381,88.58035
2382,88.0833
2383,88.1515
2384,87.784004
2385,88.35768
2386,88.11419
2387,88.73293
2388,88.82721
2389,88.4272
2390,88.69514
2391,88.00835
2392,87.84493
2393,88.06055
2394,88.41357
2395,87.95969
2396,87.89278
2397,88.33733
2398,88.24326
2399,88.14614
2400,87.79257
2401,87.7187
2402,87.68135
2403,88.00205
2404,87.9876
2405,87.70038
2406,87.56009
2407,87.78092
2408,87.72271
2409,87.19899
2410,87.748726
2411,87.50249
2412,87.96316
2413,88.07836
2414,87.80791
2415,88.04925
2416,87.83242
2417,87.89199
2418,87.62977
2419,87.68414
2420,87.76855
2421,87.638504
2422,87.638504
2423,88.01867
2424,87.86845
2425,88.19464
2426,88.12589
2427,88.47646
2428,88.129814
2429,87.75503
2430,87.7764
2431,87.81706
2432,87.57239
2433,87.85142
2434,87.66778
2435,87.75404
2436,88.01675
2437,88.0889
2438,87.45117
2439,88.61911
2440,88.76453
2441,88.31217
2442,88.64446
2443,88.33742
2444,87.94399
2445,88.27196
2446,88.09946
2447,87.94801
2448,88.441986
2449,87.68414
2450,87.26451
2451,88.31545
2452,88.405464
2453,88.370995
2454,88.6035
2455,87.9813
2456,87.9369
2457,87.91534
2458,88.05603
2459,88.48224
2460,87.8071
2461,88.61505
2462,88.37446
2463,88.409164
2464,87.86781
2465,88.068405
2466,88.18138
2467,88.29343
2468,88.06123
2469,88.25458
2470,88.13079
2471,87.99612
2472,88.268845
2473,88.05226
2474,88.10657
2475,88.31539
2476,88.145836
2477,88.04614
2478,87.9369
2479,87.947525
2480,88.45266
2481,88.00627
2482,88.378235
2483,87.45973
2484,87.98617
2485,87.971405
2486,87.97147
2487,87.92562
2488,87.82708
2489,88.14792
2490,88.09057
2491,87.9876
2492,87.70328
2493,87.83113
2494,87.68981
2495,87.71859
2496,87.90901
2497,87.32891
2498,87.54125
2499,87.06044
2500,87.39923
2501,86.89537
2502,87.82468
2503,87.710106
2504,87.97113
2505,87.621704
2506,87.70776
2507,87.396255
2508,87.37062
2509,87.45514
2510,87.68532
2511,87.93379
2512,87.59814
2513,87.73067
2514,87.50299
2515,87.94804
2516,87.51157
2517,87.93204
2518,88.01089
2519,87.85946
2520,87.51589
2521,87.34015
2522,88.34952
2523,88.09328
2524,88.05933
2525,87.99985
2526,88.09654
2527,87.90465
2528,87.768776
2529,87.9467
2530,88.00801
2531,87.98937
2532,87.99332
2533,88.035286
2534,88.26126
2535,88.00801
2536,87.92816
2537,87.73033
2538,88.07279
2539,88.00801
2540,87.89915
2541,87.982124
2542,87.89172
2543,88.22192
2544,88.030426
2545,88.14442
2546,87.894104
2547,87.8193
2548,88.002846
2549,88.25687
2550,87.9211
2551,88.238396
2552,88.1851
2553,88.2368
2554,88.20282
2555,88.338554
2556,88.09803
2557,88.16167
2558,87.989975
2559,87.62956
2560,87.58124
2561,87.878
2562,87.60079
2563,87.82649
2564,87.86718
2565,87.89448
2566,87.85562
2567,87.13167
2568,87.85946
2569,87.48088
2570,86.96008
2571,87.11699
2572,87.51602
2573,87.233345
2574,87.10007
2575,87.60079
2576,87.79397
2577,87.44447
2578,87.90687
2579,88.04445
2580,87.99895
2581,87.822716
2582,87.60079
2583,87.91865
2584,87.83044
2585,87.56772
2586,87.97736
2587,87.877304
2588,87.98892
2589,87.62157
2590,87.24512
2591,87.06938
2592,87.84521
2593,87.83051
2594,87.34746
2595,87.581085
2596,87.69957
2597,87.83658
2598,88.118004
2599,87.80948
2600,87.9285
2601,87.87629
2602,87.96832
2603,87.89915
2604,87.92506
2605,87.459236
2606,87.89448
2607,87.91036
2608,87.95931
2609,87.48489
2610,87.54219
2611,87.89915
2612,87.85946
2613,87.89915
2614,87.45099
2615,87.89915
2616,87.532616
2617,87.49096
2618,87.643105
2619,88.13093
2620,88.05281
2621,87.90788
2622,87.576454
2623,87.89319
2624,87.67853
2625,87.76574
2626,87.711914
2627,87.8439
2628,87.89915
2629,87.89915
2630,87.92156
2631,87.875916
2632,87.831116
2633,87.89532
2634,87.868195
2635,87.92254
2636,87.83924
2637,87.360664
2638,87.91166
2639,87.954475
2640,88.06073
2641,88.13898
2642,88.00801
2643,87.67658
2644,87.67658
2645,87.636894
2646,87.551254
2647,87.92506
2648,87.79134
2649,87.8193
2650,87.8772
2651,87.46991
2652,88.05097
2653,87.97928
2654,88.0675
2655,88.02171
2656,88.05097
2657,88.00727
2658,87.856544
2659,87.91036
2660,87.831184
2661,87.89915
2662,87.731606
2663,88.05971
2664,88.01846
2665,87.62157
2666,87.67969
2667,87.798775
2668,87.87978
2669,87.958275
2670,87.9173
2671,87.90405
2672,87.83891
2673,87.97304
2674,87.86204
2675,87.870316
2676,87.80193
2677,87.853874
2678,87.901405
2679,87.87762
2680,87.88051
2681,87.73403
2682,87.82702
2683,87.88445
2684,87.93717
2685,88.0675
2686,87.94201
2687,87.712395
2688,88.11053
2689,88.117645
2690,88.06067
2691,87.8781
2692,88.20406
2693,87.868195
2694,87.868195
2695,87.89398
2696,87.8193
2697,87.5861
2698,87.520905
2699,87.520905
2700,87.8193
2701,87.33721
2702,86.98246
2703,87.258194
2704,87.37403
2705,87.65906
2706,87.38983
2707,87.48787
2708,87.72709
2709,87.6895
2710,87.314125
2711,87.800606
2712,87.341606
2713,87.91036
2714,87.8193
2715,87.45366
2716,87.55754
2717,87.428024
2718,87.14605
2719,87.324005
2720,87.13167
2721,87.26367
2722,87.332726
2723,87.52964
2724,87.2541
2725,87.53276
2726,87.18344
2727,87.16487
2728,87.08302
2729,87.9211
2730,87.90788
2731,87.65702
2732,87.80008
2733,88.02506
2734,87.86261
2735,87.848625
2736,87.92506
2737,88.005905
2738,87.48976
2739,87.86762
2740,87.63116
2741,87.79901
2742,87.551254
2743,87.5096
2744,87.26936
2745,87.5356
2746,87.89915
2747,87.551254
2748,87.949234
2749,87.5861
2750,87.732574
2751,87.8193
2752,87.59479
2753,86.9951
2754,87.6895
2755,87.49348
2756,87.79176
2757,87.5356
2758,87.66607
2759,87.8193
2760,87.732574
2761,87.8193
2762,87.840294
2763,87.564064
2764,88.00727
2765,87.56151
2766,87.61201
2767,87.558014
2768,87.863335
2769,87.58124
2770,87.71541
2771,87.75021
2772,87.97344
2773,87.54345
2774,87.86857
2775,87.72709
2776,87.60079
2777,87.58041
2778,87.558014
2779,87.67747
2780,87.64238
2781,87.5951
2782,87.6895
2783,87.58124
2784,87.62903
2785,87.712395
2786,87.74563
2787,87.70546
2788,87.72709
2789,87.5356
2790,87.60079
2791,87.72709
2792,87.58124
2793,87.72709
2794,88.00362
2795,87.85946
2796,87.66165
2797,87.90527
2798,87.9861
2799,87.92506
2800,87.439735
2801,87.72313
2802,87.44742
2803,87.27893
2804,87.170395
2805,87.71541
2806,87.340256
2807,87.03438
2808,87.34917
2809,87.08093
2810,87.25491
2811,87.432205
2812,87.66598
2813,87.62977
2814,87.63762
2815,87.96832
2816,87.84521
2817,87.78367
2818,87.41574
2819,87.37975
2820,87.23146
2821,87.858864
2822,87.80751
2823,88.00801
2824,88.00801
2825,87.709656
2826,87.73033
2827,88.02655
2828,87.69003
2829,87.90321
2830,87.98617
2831,87.735115
2832,87.82951
2833,87.78415
2834,87.46252
2835,87.260635
2836,87.87978
2837,87.80717
2838,87.9191
2839,87.19556
2840,87.79836
2841,87.9369
2842,87.41953
2843,87.046165
2844,87.66885
2845,87.80298
2846,87.53551
2847,87.74483
2848,87.73782
2849,88.14363
2850,87.80229
2851,87.45917
2852,87.96267
2853,87.848625
2854,87.90063
2855,87.51833
2856,87.916885
2857,87.530365
2858,87.5356
2859,87.61332
2860,87.63596
2861,87.48634
2862,87.29807
2863,87.56936
2864,87.53945
2865,87.54424
2866,87.82803
2867,87.82803
2868,87.14605
2869,88.03649
2870,87.89798
2871,88.002846
2872,87.99332
2873,87.59045
2874,87.57643
2875,87.83595
2876,87.471115
2877,87.53086
2878,87.46283
2879,87.88593
2880,87.76301
2881,87.88845
2882,87.1073
2883,87.72709
2884,87.41498
2885,87.37332
2886,87.93998
2887,87.65572
2888,87.62805
2889,88.03916
2890,88.008514
2891,87.54599
2892,87.09529
2893,87.29368
2894,87.52687
2895,87.51608
2896,87.57643
2897,87.60715
2898,87.504456
2899,87.48475
2900,87.14605
2901,87.26367
2902,87.10613
2903,87.54402
2904,87.854294
2905,87.962395
2906,87.888176
2907,87.57304
2908,87.70546
2909,87.52436
2910,87.91036
2911,87.94885
2912,88.07929
2913,88.00801
2914,87.8772
2915,87.549484
2916,87.33099
2917,87.19252
2918,87.71541
2919,87.60953
2920,87.44249
2921,87.56151
2922,88.00801
2923,87.868195
2924,87.5096
2925,87.76833
2926,87.8046
2927,87.09544
2928,87.72709
2929,87.19117
2930,87.01003
2931,87.1404
2932,87.16189
2933,87.68354
2934,87.24981
2935,87.3663
2936,87.743324
2937,87.75021
2938,87.10717
2939,87.436424
2940,87.45881
2941,87.1189
2942,87.7159
2943,87.60079
2944,87.77612
2945,87.37823
2946,87.154785
2947,87.42975
2948,87.55303
2949,87.2192
2950,87.25307
2951,87.19872
2952,87.98341
2953,87.73907
2954,87.61186
2955,87.34221
2956,87.506004
2957,87.258194
2958,87.81432
2959,87.22377
2960,87.13789
2961,87.72193
2962,87.62207
2963,87.6278
2964,88.227036
2965,87.948715
2966,87.97743
2967,88.01675
2968,88.086754
2969,88.048965
2970,88.00205
2971,88.3081
2972,87.622055
2973,87.350945
2974,87.41732
2975,87.82306
2976,87.305305
2977,87.64446
2978,87.63593
2979,88.0023
2980,87.98617
2981,87.98617
2982,88.0023
2983,88.1174
2984,87.709656
2985,87.92883
2986,88.01573
2987,87.90115
2988,87.870674
2989,87.37625
2990,87.21392
2991,87.28281
2992,87.51378
2993,87.436966
2994,87.341606
2995,87.25307
2996,87.90283
2997,87.74656
2998,87.558014
2999,87.14547
3000,88.00205
3001,88.00801
3002,87.59982
3003,87.56013
3004,87.96701
3005,87.86254
3006,86.98097
3007,87.94005
3008,88.04452
3009,87.60236
3010,87.89915
3011,87.56993
3012,87.54345
3013,87.55867
3014,87.5356
3015,87.75185
3016,87.6895
3017,87.724174
3018,87.6895
3019,87.83992
3020,87.03815
3021,86.885666
3022,86.955414
3023,86.963264
3024,87.007
3025,86.97671
3026,87.486145
3027,87.41215
3028,87.270424
3029,87.29633
3030,87.47671
3031,87.37489
3032,87.35821
3033,87.48516
3034,87.02671
3035,87.15873
3036,86.90061
3037,87.119415
3038,87.190575
3039,87.08993
3040,86.93119
3041,86.93561
3042,86.86934
3043,86.83348
3044,87.26499
3045,87.20754
3046,87.09887
3047,87.060776
3048,87.23135
3049,87.107704
3050,87.18835
3051,87.1226
3052,87.20704
3053,86.886246
3054,87.050705
3055,87.8685
3056,87.98937
3057,87.844765
3058,87.57643
3059,87.56803
3060,87.46283
3061,87.46291
3062,87.520905
3063,87.92506
3064,87.8046
3065,88.22554
3066,87.6895
3067,87.690765
3068,87.635735
3069,87.5356
3070,87.45917
3071,87.41498
3072,87.58124
3073,87.187706
3074,87.45917
3075,87.504456
3076,88.10068
3077,87.90687
3078,87.89915
3079,87.70722
3080,87.503975
3081,87.6895
3082,87.80934
3083,87.54345
3084,87.75824
3085,87.881874
3086,87.327034
3087,87.81706
3088,87.09406
3089,87.233345
3090,87.79424
3091,87.32011
3092,87.29657
3093,87.452324
3094,87.4873
3095,87.16609
3096,87.42599
3097,87.085945
3098,87.2765
3099,87.44447
3100,87.88445
3101,87.508446
3102,87.35428
3103,87.6302
3104,87.20555
3105,87.19894
3106,87.58568
3107,87.36902
3108,87.70656
3109,87.82951
3110,87.77135
3111,87.81482
3112,87.81334
3113,87.6895
3114,87.4768
3115,87.15656
3116,87.30864
3117,87.21202
3118,87.55966
3119,87.3875
3120,87.51617
3121,87.71541
3122,87.51567
3123,87.28749
3124,87.40232
3125,87.1189
3126,87.03594
3127,87.916885
3128,87.7645
3129,87.95955
3130,87.65218
3131,87.45443
3132,87.366806
3133,87.28189
3134,87.38489
3135,87.54586
3136,87.184555
3137,87.09562
3138,87.53666
3139,87.6223
3140,87.28357
3141,87.21144
3142,87.2645
3143,87.53086
3144,87.57708
3145,87.51617
3146,87.01003
3147,87.86762
3148,88.03916
3149,87.85736
3150,87.92506
3151,88.02381
3152,87.90455
3153,88.12953
3154,87.80809
3155,87.498695
3156,87.17196
3157,87.18315
3158,87.386215
3159,88.08031
3160,87.97743
3161,87.88811
3162,87.837036
3163,87.73871
3164,87.5677
3165,88.030426
3166,88.030426
3167,87.83393
3168,87.91414
3169,87.78855
3170,88.00801
3171,88.00801
3172,87.97147
3173,87.21144
3174,87.42287
3175,87.37823
3176,87.90283
3177,87.314415
3178,87.88814
3179,87.483574
3180,87.82951
3181,87.71252
3182,87.33099
3183,87.65218
3184,87.73033
3185,87.97743
3186,87.97743
3187,87.82126
3188,87.3297
3189,88.00801
3190,87.87978
3191,87.9191
3192,87.6895
3193,87.48976
3194,87.11491
3195,87.6895
3196,87.41333
3197,87.43802
3198,87.88445
3199,87.478645
3200,87.88445
3201,87.88445
3202,87.877235
3203,87.89915
3204,87.551254
3205,87.56056
3206,87.21429
3207,87.91036
3208,87.58124
3209,87.554665
3210,87.39566
3211,87.5356
3212,87.90788
3213,87.90788
3214,88.00801
3215,87.5861
3216,87.38636
3217,87.26943
3218,87.61235
3219,88.02543
3220,87.5356
3221,87.50768
3222,87.635735
3223,87.56364
3224,87.49885
3225,87.967224
3226,87.567955
3227,87.463486
3228,88.28736
3229,87.591095
3230,87.55098
3231,87.66598
3232,87.53815
3233,87.45519
3234,87.54345
3235,87.508446
3236,87.71252
3237,87.95058
3238,87.79143
3239,88.26367
3240,87.54688
3241,87.56151
3242,87.546814
3243,87.577965
3244,87.76135
3245,87.8193
3246,88.05224
3247,87.4517
3248,87.56936
3249,87.554665
3250,87.504456
3251,87.42928
3252,87.8193
3253,87.72113
3254,88.08317
3255,87.83784
3256,87.82883
3257,87.97485
3258,87.528755
3259,87.49375
3260,87.748886
3261,87.57518
3262,87.44019
3263,87.422
3264,87.345566
3265,87.46981
3266,87.943596
3267,87.83985
3268,88.029526
3269,87.700714
3270,87.55326
3271,87.80802
3272,87.508446
3273,87.41732
3274,87.440414
3275,87.17702
3276,87.0776
3277,86.99613
3278,87.32315
3279,87.46757
3280,87.370445
3281,87.20417
3282,87.1804
3283,86.996025
3284,87.30846
3285,87.528755
3286,87.42549
3287,87.17196
3288,87.546814
3289,87.11696
3290,87.42549
3291,87.31487
3292,87.23443
3293,87.13149
3294,87.27976
3295,87.51687
3296,87.479324
3297,87.45089
3298,87.5951
3299,87.32824
3300,87.30864
3301,87.45917
3302,87.440414
3303,87.334366
3304,87.20417
3305,87.03039
3306,88.11668
3307,87.97736
3308,87.894775
3309,87.61201
3310,87.334366
3311,87.6532
3312,87.38489
3313,87.58124
3314,86.838196
3315,87.04691
3316,87.56936
3317,87.570244
3318,87.56151
3319,87.92506
3320,87.90788
3321,87.90351
3322,88.00205
3323,87.49375
3324,87.546814
3325,87.56675
3326,87.91036
3327,87.67217
3328,87.14172
3329,87.09485
3330,87.0791
3331,87.546814
3332,87.65231
3333,87.46981
3334,87.59086
3335,87.837036
3336,88.00801
3337,88.0158
3338,87.71541
3339,87.436424
3340,87.6532
3341,87.422066
3342,87.56675
3343,87.89319
3344,87.89581
3345,87.281685
3346,88.002846
3347,87.9722
3348,87.76766
3349,87.68878
3350,87.86051
3351,87.79076
3352,87.6388
3353,87.74512
3354,87.64446
3355,87.74512
3356,87.623795
3357,87.508446
3358,87.64446
3359,87.79836
3360,88.046585
3361,88.078926
3362,88.01306
3363,88.01675
3364,87.67658
3365,87.93998
3366,87.98937
3367,88.07988
3368,87.69496
3369,87.588
3370,88.027756
3371,88.01675
3372,88.09943
3373,87.617836
3374,87.79107
3375,88.49077
3376,88.07418
3377,88.048294
3378,87.62141
3379,87.9369
3380,87.60269
3381,87.91347
3382,88.08183
3383,88.08183
3384,87.93379
3385,87.92506
3386,87.6267
3387,87.97706
3388,87.96832
3389,87.894104
3390,87.84521
3391,87.84577
3392,87.55367
3393,87.5356
3394,87.508446
3395,87.508446
3396,87.140816
3397,87.49348
3398,87.7231
3399,87.45519
3400,87.4108
3401,87.42638
3402,87.43924
3403,87.20672
3404,87.432014
3405,87.0776
3406,87.313034
3407,87.56151
3408,87.432014
3409,87.54529
3410,87.440414
3411,87.46757
3412,87.530365
3413,87.4736
3414,87.56151
3415,87.50777
3416,87.88445
3417,87.88537
3418,87.89343
3419,87.73691
3420,87.75824
3421,87.83145
3422,87.642715
3423,87.174706
3424,87.06815
3425,87.60079
3426,87.15656
3427,87.313034
3428,86.84061
3429,87.18575
3430,87.65764
3431,87.68154
3432,87.508446
3433,87.67541
3434,87.9648
3435,87.95053
3436,87.64446
3437,87.88413
3438,87.79836
3439,87.709656
3440,88.25136
3441,87.99332
3442,88.2003
3443,88.132095
3444,88.22483
3445,88.055855
3446,88.172646
3447,87.7231
3448,87.48581
3449,87.716255
3450,88.246086
3451,87.94462
3452,88.00801
3453,88.01675
3454,88.03916
3455,87.99947
3456,87.508446
3457,87.508446
3458,88.061806
3459,88.25838
3460,87.948784
3461,88.09399
3462,87.53086
3463,87.19498
3464,87.508446
3465,87.9222
3466,87.91649
3467,87.808365
3468,87.77096
3469,87.53815
3470,87.53815
3471,87.57677
3472,87.508446
3473,87.46054
3474,87.51567
3475,87.508446
3476,87.49375
3477,87.64446
3478,87.62956
3479,87.623604
3480,87.03658
3481,87.9191
3482,87.792404
3483,87.64446
3484,87.508446
3485,87.508446
3486,87.1189
3487,87.44702
3488,87.57643
3489,87.29257
3490,87.29076
3491,87.61332
3492,87.54688
3493,87.313034
3494,87.56207
3495,87.973335
3496,88.10652
3497,87.51718
3498,87.44981
3499,87.42374
3500,87.43423
3501,88.23993
3502,88.56214
3503,88.42335
3504,88.4065
3505,87.62459
3506,88.08193
3507,87.36975
3508,87.72638
3509,88.04314
3510,88.00286
3511,88.10364
3512,88.052246
3513,88.097565
3514,88.01675
3515,87.58177
3516,88.20881
3517,88.12186
3518,88.29677
3519,88.13768
3520,88.37524
3521,88.246376
3522,88.47754
3523,87.81728
3524,88.12797
3525,88.1642
3526,88.00858
3527,88.19482
3528,88.621796
3529,88.12589
3530,88.06872
3531,87.901344
3532,88.06088
3533,88.63693
3534,87.65013
3535,88.038345
3536,87.89724
3537,87.68189
3538,88.64007
3539,88.090454
3540,88.2058
3541,88.087616
3542,87.99969
3543,88.34586
3544,88.41859
3545,88.29815
3546,88.17876
3547,88.23061
3548,87.961266
3549,88.262405
3550,87.98431
3551,88.07617
3552,87.83845
3553,87.829994
3554,88.37527
3555,88.41991
3556,88.1769
3557,88.60089
3558,88.79348
3559,88.33988
3560,88.26948
3561,88.13607
3562,88.11588
3563,88.04528
3564,88.05251
3565,88.61507
3566,88.394424
3567,88.90516
3568,87.9503
3569,88.17961
3570,88.02414
3571,88.02447
3572,88.0963
3573,87.80791
3574,88.13607
3575,87.59602
3576,88.16965
3577,88.09964
3578,88.3009
3579,88.0419
3580,87.905975
3581,87.91347
3582,88.01675
3583,88.17623
3584,88.32983
3585,88.06341
3586,88.38778
3587,88.166595
3588,88.15238
3589,88.069466
3590,88.17931
3591,88.18534
3592,87.99947
3593,88.1164
3594,88.025276
3595,87.885605
3596,88.01414
3597,88.00203
3598,88.28639
3599,88.23979
3600,88.036964
3601,88.198784
3602,88.13926
3603,88.13156
3604,88.20203
3605,88.09399
3606,88.1769
3607,88.01675
3608,87.99944
3609,87.90947
3610,87.71077
3611,88.28223
3612,87.76855
3613,88.238205
3614,87.78829
3615,87.665016
3616,87.86456
3617,87.71064
3618,88.05971
3619,87.92996
3620,88.11001
3621,88.00727
3622,87.91104
3623,87.89352
3624,89.46532
3625,87.62074
3626,88.085144
3627,88.019104
3628,87.90012
3629,88.20446
3630,88.23586
3631,88.1985
3632,88.01675
3633,88.13751
3634,87.96042
3635,87.66092
3636,87.82803
3637,87.86576
3638,87.90041
3639,87.3694
3640,87.478645
3641,87.76
3642,87.82803
3643,87.894104
3644,87.893166
3645,87.82884
3646,87.90869
3647,87.24013
3648,87.324646
3649,88.184204
3650,88.297806
3651,88.05971
3652,88.05912
3653,88.188675
3654,87.821495
3655,87.79837
3656,88.12684
3657,87.93118
3658,87.98512
3659,87.813065
3660,87.659874
3661,88.05912
3662,88.48491
3663,88.07901
3664,88.01647
3665,88.07274
3666,88.13093
3667,88.23517
3668,88.00691
3669,87.68229
3670,88.00858
3671,88.30515
3672,88.1851
3673,87.94031
3674,87.74409
3675,88.2251
3676,88.09399
3677,87.528656
3678,87.585106
3679,88.026276
3680,88.09876
3681,87.59252
3682,88.01675
3683,88.052246
3684,87.46685
3685,88.179794
3686,87.84943
3687,87.890564
3688,87.89767
3689,87.87618
3690,87.97058
3691,87.7815
3692,87.94953
3693,88.17827
3694,88.22558
3695,87.89932
3696,87.665115
3697,87.67554
3698,87.697815
3699,87.59501
3700,87.74609
3701,87.37216
3702,87.266205
3703,87.98733
3704,87.63256
3705,88.219765
3706,88.18561
3707,88.11299
3708,87.612816
3709,87.68532
3710,87.879036
3711,87.96389
3712,87.75242
3713,88.28223
3714,87.443375
3715,87.60408
3716,87.47695
3717,87.26601
3718,87.93605
3719,88.15211
3720,88.08469
3721,88.15211
3722,88.04871
3723,88.04118
3724,88.06007
3725,88.1907
3726,88.120705
3727,88.26107
3728,88.10171
3729,87.9222
3730,87.98341
3731,87.945435
3732,88.02667
3733,88.09399
3734,88.14329
3735,88.00203
3736,87.7736
3737,88.183266
3738,88.04744
3739,87.94968
3740,88.12346
3741,88.246574
3742,88.10837
3743,88.035416
3744,87.869644
3745,87.97706
3746,87.995445
3747,88.02072
3748,87.82951
3749,88.115265
3750,87.94321
3751,87.89092
3752,87.97706
3753,88.08578
3754,88.02612
3755,88.09709
3756,88.1433
3757,87.817345
3758,88.07929
3759,88.12797
3760,88.0337
3761,87.98617
3762,88.08873
3763,88.17158
3764,88.01292
3765,87.72287
3766,87.940315
3767,88.07929
3768,88.132095
3769,88.137215
3770,88.01414
3771,88.00205
3772,88.01675
3773,88.00205
3774,88.16965
3775,88.06918
3776,88.156715
3777,87.88434
3778,87.49363
3779,87.96119
3780,88.04137
3781,88.06683
3782,87.636894
3783,88.01675
3784,88.34533
3785,88.0218
3786,88.0218
3787,88.28905
3788,88.09399
3789,88.00342
3790,88.24303
3791,88.04871
3792,87.5203
3793,87.86013
3794,87.97706
3795,87.97706
3796,88.055046
3797,87.99947
3798,88.10652
3799,87.93379
3800,87.97706
3801,87.868866
3802,87.44679
3803,87.44679
3804,87.760056
3805,87.29175
3806,87.669914
3807,87.66885
3808,87.512276
3809,87.64148
3810,88.02471
3811,88.40152
3812,88.1851
3813,87.95609
3814,88.01373
3815,88.2237
3816,87.994255
3817,88.22909
3818,87.63256
3819,88.00801
3820,87.9233
3821,88.0233
3822,87.6212
3823,87.56367
3824,88.09205
3825,87.74273
3826,87.90894
3827,87.68532
3828,87.35515
3829,87.830124
3830,88.09399
3831,87.57749
3832,87.9861
3833,87.89128
3834,87.69454
3835,88.00801
3836,87.58027
3837,87.949936
3838,88.07535
3839,88.156715
3840,88.033554
3841,87.95363
3842,87.77988
3843,87.936745
3844,87.94777
3845,87.7127
3846,87.859726
3847,88.62438
3848,88.08497
3849,87.621574
3850,88.022675
3851,87.92753
3852,88.02072
3853,88.02655
3854,87.98617
3855,88.24871
3856,88.23352
3857,88.17232
3858,88.35881
3859,88.24143
3860,88.10145
3861,87.9861
3862,88.2251
3863,88.06992
3864,88.14363
3865,87.72638
3866,87.85241
3867,88.07535
3868,88.09399
3869,87.86781
3870,87.92245
3871,87.84736
3872,88.29743
3873,88.01675
3874,88.06341
3875,88.0337
3876,88.07932
3877,87.92193
3878,87.7231
3879,87.63116
3880,87.95058
3881,87.74081
3882,88.121216
3883,87.860466
3884,88.01675
3885,87.918205
3886,87.98617
3887,88.13156
3888,88.069466
3889,88.10918
3890,88.08462
3891,88.039604
3892,87.50795
3893,87.896965
3894,87.877304
3895,87.59418
3896,87.877304
3897,87.86261
3898,87.93379
3899,87.601776
3900,87.868195
3901,87.82218
3902,87.63723
3903,87.88793
3904,87.89319
3905,87.88936
3906,88.141556
3907,88.101555
3908,87.91014
3909,87.97332
3910,88.28442
3911,88.03231
3912,87.90788
3913,88.06202
3914,88.17403
3915,87.97043
3916,87.68092
3917,87.604454
3918,87.915276
3919,88.19822
3920,88.0338
3921,87.9554
3922,87.81663
3923,87.97582
3924,88.0064
3925,87.87559
3926,87.98512
3927,88.01235
3928,88.15867
3929,88.15867
3930,88.34222
3931,87.982765
3932,88.08015
3933,87.98512
3934,87.56056
3935,87.58506
3936,87.61367
3937,87.84469
3938,87.96389
3939,87.95178
3940,87.64791
3941,88.14266
3942,88.10214
3943,88.05477
3944,88.14266
3945,88.213326
3946,88.136345
3947,88.019005
3948,87.938934
3949,87.7011
3950,88.02447
3951,87.841774
3952,87.792404
3953,88.15684
3954,88.14266
3955,88.12797
3956,88.019005
3957,88.0337
3958,88.00293
3959,88.01158
3960,87.8671
3961,87.514565
3962,88.05477
3963,88.23979
3964,88.0023
3965,88.13083
3966,88.00471
3967,88.23979
3968,87.92364
3969,87.9616
3970,87.55832
3971,87.27508
3972,87.29807
3973,87.4464
3974,88.33097
3975,88.116615
3976,88.163994
3977,88.23907
3978,87.991005
3979,87.97147
3980,88.09966
3981,87.9861
3982,88.00512
3983,88.080414
3984,88.11428
3985,88.02447
3986,88.00205
3987,88.1519
3988,88.06999
3989,87.642914
3990,88.16339
3991,87.94794
3992,87.907234
3993,88.07929
3994,88.019005
3995,88.20954
3996,87.97706
3997,88.00801
3998,88.03163
3999,87.95415
4000,87.98478
4001,88.034
4002,87.89023
4003,87.940315
4004,87.99332
4005,88.328835
4006,88.1785
4007,88.39328
4008,88.24751
4009,88.08745
4010,88.1704
4011,88.05636
4012,88.11277
4013,88.16614
4014,88.026276
4015,88.00801
4016,87.9369
4017,88.069084
4018,88.10265
4019,88.10152
4020,88.00205
4021,88.35416
4022,88.23244
4023,88.23979
4024,88.1851
4025,88.048645
4026,88.132095
4027,87.971634
4028,88.00801
4029,88.082245
4030,87.89805
4031,88.23979
4032,88.20083
4033,88.04142
4034,87.86261
4035,88.07266
4036,88.16159
4037,88.14613
4038,88.08873
4039,88.0338
4040,87.99923
4041,88.17005
4042,88.01675
4043,87.940315
4044,88.00205
4045,87.739944
4046,87.953995
4047,87.88537
4048,87.90788
4049,88.14266
4050,87.88828
4051,88.12954
4052,87.9861
4053,87.980385
4054,87.70444
4055,87.76185
4056,88.10374
4057,88.00528
4058,87.5981
4059,87.677505
4060,87.86819
4061,87.98255
4062,88.00178
4063,87.95145
4064,87.68461
4065,88.09399
4066,88.00205
4067,88.06341
4068,88.085144
4069,88.22055
4070,87.927055
4071,87.869255
4072,87.68532
4073,87.93998
4074,87.68532
4075,88.03968
4076,87.90012
4077,87.43806
4078,87.25039
4079,88.10258
4080,87.1732
4081,88.00205
4082,87.6796
4083,88.07535
4084,87.65034
4085,87.96389
4086,88.06836
4087,87.98617
4088,88.21565
4089,88.0802
4090,88.0337
4091,88.280426
4092,88.21448
4093,88.155174
4094,87.890564
4095,88.06079
4096,88.025955
4097,87.75176
4098,88.155174
4099,87.927284
4100,88.05773
4101,88.01919
4102,88.01675
4103,87.98617
4104,88.16965
4105,87.9369
4106,88.00205
4107,87.93423
4108,88.069016
4109,88.01675
4110,88.08866
4111,88.048645
4112,87.74321
4113,88.167984
4114,88.1851
4115,88.16292
4116,88.375435
4117,88.23979
4118,87.66885
4119,88.044785
4120,87.88434
4121,88.195724
4122,88.10265
4123,88.38236
4124,88.09057
4125,88.01414
4126,88.01675
4127,87.76185
4128,87.90029
4129,88.01142
4130,87.57716
4131,87.90788
4132,88.07237
4133,88.547874
4134,88.07397
4135,88.121216
4136,88.01675
4137,87.90788
4138,87.785126
4139,88.1164
4140,87.92021
4141,88.096695
4142,88.05587
4143,87.91649
4144,87.94062
4145,88.120705
4146,88.04432
4147,87.93379
4148,87.903145
4149,87.9191
4150,87.90406
4151,87.94062
4152,88.147606
4153,87.9369
4154,87.81965
4155,88.03655
4156,87.8071
4157,88.08004
4158,88.19788
4159,88.10601
4160,87.98622
4161,88.01225
4162,87.98325
4163,87.91157
4164,88.09399
4165,87.64724
4166,88.01225
4167,88.052246
4168,88.00801
4169,87.5096
4170,87.97991
4171,88.03016
4172,87.945724
4173,88.02447
4174,88.01002
4175,88.01675
4176,87.79963
4177,87.9979
4178,88.21565
4179,87.97147
4180,88.01675
4181,88.084854
4182,88.09946
4183,88.00205
4184,87.82951
4185,87.72611
4186,87.98627
4187,88.07535
4188,87.41556
4189,88.43463
4190,88.21565
4191,88.39
4192,88.04817
4193,88.12797
4194,88.33005
4195,88.216
4196,88.035286
4197,88.224525
4198,88.18561
4199,88.07594
4200,88.03916
4201,87.901344
4202,88.538734
4203,88.39541
4204,88.33688
4205,88.176346
4206,88.2563
4207,88.36772
4208,88.20483
4209,88.01812
4210,88.2166
4211,87.54735
4212,87.98857
4213,88.14303
4214,87.96367
4215,87.1453
4216,87.33582
4217,87.11483
4218,87.46918
4219,87.4478
4220,87.25448
4221,86.936066
4222,86.87503
4223,87.23135
4224,87.238716
4225,87.54424
4226,87.90625
4227,87.996414
4228,87.630775
4229,87.370445
4230,87.251785
4231,87.420555
4232,87.10612
4233,87.0322
4234,87.58413
4235,87.37455
4236,87.97443
4237,87.53861
4238,88.08886
4239,88.15584
4240,87.95053
4241,88.42599
4242,87.92967
4243,88.00801
4244,87.60809
4245,86.886635
4246,87.3689
4247,87.642624
4248,87.42306
4249,87.14873
4250,88.04997
4251,87.35028
4252,87.73789
4253,87.51014
4254,87.536896
4255,87.941505
4256,87.29729
4257,88.09384
4258,87.694305
4259,87.98575
4260,87.709656
4261,87.87762
4262,88.00801
4263,87.66979
4264,87.90947
4265,87.64446
4266,87.64446
4267,87.71072
4268,87.96355
4269,87.85908
4270,88.01292
4271,88.09943
4272,87.71632
4273,87.45934
4274,87.558525
4275,87.9876
4276,88.24713
4277,88.0819
4278,87.90788
4279,87.99766
4280,88.01675
4281,87.22266
4282,87.79037
4283,88.07106
4284,88.069466
4285,87.89517
4286,87.98622
4287,87.87874
4288,88.1174
4289,88.035286
4290,88.07032
4291,87.54424
4292,87.62459
4293,87.97147
4294,88.14266
4295,88.13817
4296,88.0338
4297,88.06341
4298,88.06334
4299,88.16236
4300,87.95621
4301,88.01675
4302,87.52404
4303,87.894775
4304,87.92816
4305,87.94591
4306,88.07667
4307,88.00205
4308,87.9222
4309,88.09583
4310,87.97404
4311,88.12797
4312,88.13114
4313,88.24713
4314,88.0174
4315,88.36554
4316,88.069176
4317,87.9222
4318,87.99947
4319,87.95058
4320,87.88288
4321,88.10979
4322,88.00471
4323,88.146065
4324,88.31198
4325,88.31308
4326,87.88845
4327,87.948715
4328,87.890305
4329,88.00205
4330,87.99074
4331,87.9191
4332,87.948784
4333,87.95233
4334,87.96393
4335,88.06683
4336,88.07623
4337,88.2818
4338,88.28442
4339,88.07629
4340,88.09688
4341,88.06911
4342,88.01573
4343,87.603745
4344,87.05067
4345,87.61846
4346,88.11248
4347,87.50136
4348,88.00205
4349,87.91347
4350,87.88361
4351,87.943756
4352,87.996315
4353,87.56412
4354,87.94777
4355,87.97706
4356,87.54735
4357,87.816826
4358,87.43468
4359,87.638504
4360,87.95058
4361,87.86576
4362,87.68532
4363,88.0543
4364,87.72324
4365,87.81676
4366,87.9191
4367,87.64563
4368,88.04604
4369,87.558655
4370,88.06153
4371,87.86447
4372,87.97553
4373,87.9861
4374,88.01292
4375,87.98617
4376,88.14266
4377,88.166595
4378,87.65835
4379,87.16609
4380,87.42159
4381,87.73329
4382,87.78582
4383,87.60119
4384,88.09207
4385,87.97147
4386,88.10652
4387,87.829994
4388,87.31136
4389,87.10337
4390,87.21683
4391,87.83656
4392,87.6272
4393,87.83925
4394,88.03263
4395,87.32356
4396,87.37208
4397,87.98984
4398,88.127884
4399,87.894104
4400,87.83525
4401,87.76855
4402,87.8071
4403,88.2475
4404,88.04137
4405,87.94372
4406,87.844765
4407,87.361244
4408,87.23979
4409,87.735825
4410,87.26782
4411,87.9222
4412,87.538284
4413,87.93379
4414,87.868195
4415,87.83942
4416,87.88539
4417,87.915276
4418,87.96113
4419,87.82803
4420,87.72113
4421,87.11138
4422,87.65785
4423,88.188484
4424,88.00205
4425,88.0182
4426,87.63011
4427,88.14266
4428,88.25928
4429,88.371025
4430,88.206726
4431,88.12336
4432,88.121216
4433,87.91347
4434,87.98617
4435,88.17498
4436,87.98617
4437,88.19489
4438,88.116135
4439,88.085754
4440,88.2124
4441,88.09369
4442,87.99332
4443,88.137215
4444,87.94199
4445,88.198456
4446,87.98617
4447,88.046555
4448,87.99632
4449,88.07558
4450,88.00205
4451,88.00801
4452,87.83595
4453,88.132095
4454,88.32271
4455,88.21565
4456,88.12693
4457,88.28165
4458,88.12346
4459,87.89724
4460,87.75641
4461,88.42914
4462,88.01147
4463,87.94462
4464,87.90835
4465,88.41664
4466,88.04501
4467,88.41715
4468,87.78591
4469,88.092735
4470,88.11958
4471,88.11248
4472,88.28422
4473,88.49811
4474,88.1851
4475,88.12797
4476,88.42599
4477,88.00801
4478,87.87102
4479,88.20422
4480,88.173935
4481,88.0337
4482,88.04598
4483,88.23794
4484,87.85475
4485,88.0337
4486,87.98651
4487,87.95436
4488,88.274864
4489,88.48018
4490,88.00801
4491,88.14497
4492,87.816124
4493,88.069405
4494,88.05273
4495,88.04097
4496,87.797386
4497,87.55898
4498,87.59557
4499,87.21289
4500,87.87805
4501,88.10679
4502,88.15751
4503,87.60952
4504,88.034256
4505,88.092094
4506,87.98356
4507,88.14771
4508,88.061005
4509,87.555214
4510,88.05773
4511,87.980385
4512,88.01184
4513,87.822784
4514,88.02882
4515,87.899734
4516,87.42035
4517,88.21997
4518,88.23498
4519,87.89381
4520,87.45841
4521,87.96821
4522,88.21853
4523,88.142784
4524,88.15867
4525,88.21997
4526,87.66001
4527,87.99715
4528,88.23226
4529,88.16068
4530,88.07623
4531,88.12346
4532,88.08332
4533,88.12396
4534,88.195465
4535,88.01575
4536,87.97582
4537,87.63723
4538,89.226494
4539,88.19464
4540,87.877304
4541,87.9233
4542,88.0064
4543,88.012405
4544,88.18501
4545,88.252464
4546,88.486404
4547,88.264656
4548,88.29248
4549,88.2306
4550,88.24804
4551,87.833084
4552,88.14378
4553,87.98617
4554,87.83305
4555,88.01675
4556,88.22055
4557,87.84768
4558,88.118004
4559,88.0338
4560,88.2037
4561,88.0301
4562,88.01298
4563,88.0301
4564,87.995735
4565,87.6303
4566,88.09535
4567,88.17616
4568,87.85127
4569,88.16661
4570,88.036354
4571,88.24125
4572,88.252464
4573,88.11385
4574,88.770546
4575,88.5329
4576,87.84778
4577,88.1164
4578,88.1261
4579,88.34435
4580,88.21565
4581,88.219185
4582,88.30812
4583,88.1327
4584,88.25327
4585,88.1327
4586,88.4292
4587,88.21565
4588,88.48455
4589,88.40542
4590,88.13393
4591,87.74766
4592,88.1851
4593,88.13393
4594,88.11663
4595,87.93165
4596,87.87978
4597,88.226555
4598,88.19978
4599,88.24125
4600,88.01805
4601,88.2003
4602,88.74327
4603,87.46548
4604,88.28223
4605,87.90608
4606,88.19927
4607,88.16342
4608,87.94913
4609,87.93846
4610,87.88165
4611,87.54599
4612,88.02506
4613,87.60214
4614,87.85353
4615,88.09805
4616,88.02963
4617,88.142815
4618,88.22933
4619,88.08991
4620,88.20241
4621,90.25215
4622,88.10679
4623,88.09805
4624,88.00555
4625,88.08336
4626,88.10679
4627,88.186165
4628,88.20528
4629,88.226555
4630,87.8536
4631,87.68271
4632,87.890915
4633,87.71732
4634,88.04748
4635,88.069405
4636,88.24125
4637,88.20528
4638,88.04631
4639,87.551254
4640,87.93985
4641,88.069405
4642,88.21997
4643,87.92156
4644,87.938515
4645,88.034256
4646,87.954544
4647,87.97043
4648,89.56956
4649,87.93111
4650,88.687675
4651,87.89915
4652,87.99171
4653,87.97689
4654,87.870316
4655,87.93985
4656,88.41861
4657,88.30543
4658,88.32012
4659,87.89703
4660,88.30477
4661,88.02559
4662,88.14507
4663,88.22558
4664,88.205986
4665,87.87121
4666,88.23244
4667,87.895805
4668,87.81448
4669,87.85389
4670,88.03016
4671,88.028175
4672,88.30477
4673,87.9702
4674,87.927765
4675,87.994736
4676,88.37163
4677,88.23057
4678,88.20101
4679,88.289566
4680,88.03669
4681,88.30543
4682,88.32012
4683,88.30093
4684,88.501526
4685,88.30543
4686,88.21126
4687,88.240776
4688,88.271065
4689,88.27434
4690,88.32012
4691,88.33075
4692,88.1341
4693,88.21126
4694,87.95838
4695,88.165474
4696,88.30543
4697,88.00947
4698,87.769035
4699,88.226555
4700,88.07505
4701,88.02506
4702,87.670425
4703,87.66001
4704,87.47624
4705,87.53551
4706,87.58277
4707,87.5096
4708,87.87038
4709,87.62364
4710,87.739265
4711,87.652885
4712,87.88001
4713,88.04324
4714,87.59557
4715,88.09805
4716,88.173874
4717,87.670425
4718,87.804855
4719,87.63573
4720,87.80062
4721,87.910934
4722,88.09555
4723,87.486145
4724,87.6809
4725,88.20462
4726,88.17336
4727,87.86967
4728,88.092094
4729,87.87038
4730,88.18259
4731,87.77446
4732,87.967094
4733,88.20528
4734,87.9161
4735,87.99056
4736,88.15221
4737,88.14599
4738,88.20985
4739,88.092094
4740,87.877304
4741,88.20462
4742,88.092094
4743,87.94736
4744,87.93985
4745,87.636894
4746,87.737686
4747,87.43511
4748,87.91648
4749,87.86857
4750,88.01103
4751,88.13751
4752,88.21997
4753,88.076744
4754,88.05621
4755,87.910934
4756,87.87082
4757,87.92816
4758,87.77219
4759,87.81725
4760,87.919975
4761,87.59363
4762,88.02775
4763,88.15684
4764,87.89591
4765,87.94201
4766,87.890915
4767,87.60214
4768,87.69454
4769,87.89309
4770,87.82702
4771,88.0338
4772,88.04304
4773,87.857025
4774,87.68923
4775,87.80802
4776,87.8685
4777,87.89448
4778,87.89915
4779,88.02506
4780,87.61569
4781,88.07901
4782,87.8548
4783,87.8885
4784,87.901405
4785,87.97743
4786,90.07816
4787,87.897514
4788,87.949646
4789,87.89558
4790,88.07623
4791,88.21126
4792,88.061005
4793,87.77219
4794,87.624344
4795,87.64752
4796,88.09805
4797,87.87982
4798,88.092094
4799,88.116234
4800,88.02506
4801,88.231186
4802,88.09805
4803,87.900154
4804,88.10973
4805,87.89139
4806,87.70147
4807,88.07901
4808,87.834
4809,89.381035
4810,87.92506
4811,87.81663
4812,87.877235
4813,87.8296
4814,87.73053
4815,87.79948
4816,87.68913
4817,88.09805
4818,88.00169
4819,88.12047
4820,87.85537
4821,87.70147
4822,87.67658
4823,88.09805
4824,87.599945
4825,88.0675
4826,87.551254
4827,87.92049
4828,87.73053
4829,87.600784
4830,87.58568
4831,87.73053
4832,87.52057
4833,88.03559
4834,88.037575
4835,87.86164
4836,88.173874
4837,88.06067
4838,88.10679
4839,88.10679
4840,88.0209
4841,88.33122
4842,88.10679
4843,88.18259
4844,88.10679
4845,88.20528
4846,87.838165
4847,87.577614
4848,87.772964
4849,87.42508
4850,87.60214
4851,87.69237
4852,87.83685
4853,87.83044
4854,88.00801
4855,87.82784
4856,87.954544
4857,88.031876
4858,88.02882
4859,87.711006
4860,87.97689
4861,88.1202
4862,87.87629
4863,87.78141
4864,87.92544
4865,88.09805
4866,87.84731
4867,87.63216
4868,87.89915
4869,87.40045
4870,87.59363
4871,87.79134
4872,87.60846
4873,87.86857
4874,87.8986
4875,87.89098
4876,88.01195
4877,88.2353
4878,87.99171
4879,87.70859
4880,87.86857
4881,87.89139
4882,87.93985
4883,87.86857
4884,87.82317
4885,88.19222
4886,87.88893
4887,87.86797
4888,89.234245
4889,88.22247
4890,88.328835
4891,88.20096
4892,87.81345
4893,87.92112
4894,87.75644
4895,88.02945
4896,88.07596
4897,87.854004
4898,87.94681
4899,88.03732
4900,88.086914
4901,88.118004
4902,88.22161
4903,88.311386
4904,88.18497
4905,88.20692
4906,88.04399
4907,87.68325
4908,87.460754
4909,87.93869
4910,87.7817
4911,88.20096
4912,88.12976
4913,87.927376
4914,88.29069
4915,88.28274
4916,88.15418
4917,88.09341
4918,87.948685
4919,88.35035
4920,87.98712
4921,87.871086
4922,87.71239
4923,87.59137
4924,87.79323
4925,87.7817
4926,88.283485
4927,88.02171
4928,87.84518
4929,87.51538
4930,87.54129
4931,87.58556
4932,87.590164
4933,87.73053
4934,88.04532
4935,87.78865
4936,88.142815
4937,88.332275
4938,88.10679
4939,87.80352
4940,87.977776
4941,88.24588
4942,88.24125
4943,88.04152
4944,88.18584
4945,88.20528
4946,88.04869
4947,87.69899
4948,87.84629
4949,88.15949
4950,88.20528
4951,87.97736
4952,88.07045
4953,87.89972
4954,87.99056
4955,88.0338
4956,88.13751
4957,87.97043
4958,88.553185
4959,88.30212
4960,87.96113
4961,88.036354
4962,88.28301
4963,88.30882
4964,88.014595
4965,87.92156
4966,88.32361
4967,87.99171
4968,88.01348
4969,87.9026
4970,87.96113
4971,88.04324
4972,87.8685
4973,88.021965
4974,87.97928
4975,88.116234
4976,87.90788
4977,87.97587
4978,88.13751
4979,87.90919
4980,88.27985
4981,88.211
4982,88.32959
4983,88.09805
4984,88.21997
4985,88.30871
4986,88.263664
4987,88.09805
4988,88.18719
4989,87.93624
4990,88.20241
4991,88.142815
4992,87.78865
4993,88.26021
4994,88.01037
4995,88.19628
4996,87.90876
4997,87.66322
4998,87.93985
4999,88.44856
5000,87.92544
5001,88.21997
5002,88.05227
5003,88.39139
5004,88.16409
5005,88.09805
5006,88.18259
5007,88.05227
5008,87.97428
5009,87.60846
5010,88.17055
5011,88.21997
5012,88.24125
5013,88.226555
5014,88.226555
5015,88.37438
5016,88.04304
5017,88.13257
5018,88.0675
5019,88.23498
5020,87.68923
5021,87.59557
5022,88.29162
5023,88.303375
5024,88.00702
5025,87.831184
5026,87.67658
5027,87.89343
5028,87.96113
5029,87.8847
5030,88.07045
5031,88.116234
5032,87.92156
5033,87.9161
5034,88.035416
5035,88.09805
5036,87.967094
5037,88.44235
5038,88.13093
5039,87.88445
5040,87.59557
5041,87.894806
5042,88.06246
5043,87.81146
5044,87.98512
5045,87.86261
5046,88.0276
5047,87.89098
5048,87.46024
5049,87.6303
5050,88.069405
5051,88.203865
5052,88.10679
5053,88.20985
5054,88.04324
5055,89.717766
5056,87.56207
5057,87.80544
5058,87.92156
5059,87.951866
5060,87.9026
5061,87.954475
5062,88.05602
5063,88.211
5064,87.56854
5065,88.04532
5066,88.04304
5067,87.99597
5068,88.14484
5069,88.26491
5070,88.17197
5071,88.27121
5072,88.09805
5073,88.18857
5074,88.215324
5075,88.21997
5076,87.64244
5077,88.021965
5078,87.870316
5079,87.51014
5080,87.624344
5081,87.973206
5082,87.47924
5083,87.41786
5084,87.430176
5085,87.406586
5086,87.75949
5087,87.62157
5088,87.7829
5089,87.47865
5090,87.328804
5091,87.87982
5092,87.97784
5093,87.76256
5094,87.69841
5095,88.195465
5096,87.60846
5097,88.17827
5098,87.81471
5099,88.04433
5100,88.15949
5101,87.7888
5102,88.04433
5103,87.451
5104,88.07596
5105,87.967094
5106,88.78704
5107,88.550545
5108,88.23423
5109,88.41204
5110,88.39902
5111,88.3822
5112,88.63092
5113,88.250725
5114,88.06697
5115,88.98617
5116,88.02142
5117,89.25439
5118,88.15012
5119,87.74609
5120,88.238396
5121,88.02858
5122,88.834206
5123,88.614944
5124,88.44581
5125,88.083336
5126,88.09803
5127,87.89533
5128,88.238396
5129,88.424736
5130,88.501396
5131,88.60413
5132,88.09426
5133,88.15544
5134,88.44786
5135,88.12613
5136,88.19122
5137,88.333626
5138,88.26827
5139,88.39859
5140,88.13184
5141,87.98617
5142,87.97736
5143,88.567024
5144,88.15813
5145,88.082245
5146,87.96929
5147,88.680626
5148,88.67749
5149,88.29364
5150,88.1634
5151,88.48037
5152,88.25144
5153,88.02775
5154,88.432526
5155,88.07901
5156,88.2137
5157,88.22569
5158,88.116234
5159,88.0528
5160,87.98649
5161,88.37289
5162,88.15221
5163,88.22478
5164,88.14728
5165,87.951866
5166,88.23388
5167,88.34357
5168,87.97689
5169,88.226555
5170,88.20985
5171,88.211
5172,88.20985
5173,88.01655
5174,88.46928
5175,88.19926
5176,88.37812
5177,88.04501
5178,88.13093
5179,88.347565
5180,88.08886
5181,88.16439
5182,88.19738
5183,88.15265
5184,88.07623
5185,88.24125
5186,88.24125
5187,87.89098
5188,87.88791
5189,88.195465
5190,88.08336
5191,88.20677
5192,88.04928
5193,88.248314
5194,88.21098
5195,88.287056
5196,88.449554
5197,88.1851
5198,88.53703
5199,88.24336
5200,88.092094
5201,88.2347
5202,88.38959
5203,88.04532
5204,88.29962
5205,88.286644
5206,88.211
5207,88.02506
5208,89.66628
5209,88.21098
5210,88.39671
5211,88.23671
5212,88.226555
5213,88.226555
5214,88.13093
5215,88.37624
5216,88.03833
5217,88.226555
5218,88.089745
5219,87.962265
5220,88.07274
5221,88.31125
5222,88.18948
5223,87.92513
5224,88.15221
5225,88.15221
5226,88.15221
5227,88.40739
5228,88.03541
5229,88.34046
5230,88.22161
5231,88.253204
5232,88.473755
5233,88.11385
5234,88.37764
5235,88.275024
5236,88.226555
5237,87.94747
5238,87.92156
5239,87.94747
5240,88.22569
5241,88.19926
5242,88.182686
5243,88.145935
5244,88.08336
5245,87.97446
5246,87.58568
5247,88.13093
5248,88.01574
5249,88.15047
5250,88.00173
5251,88.15769
5252,88.04324
5253,88.16724
5254,88.17995
5255,88.26396
5256,87.57308
5257,88.24125
5258,88.45285
5259,88.36637
5260,88.2126
5261,88.23388
5262,89.00034
5263,88.642334
5264,88.0827
5265,88.06963
5266,88.01037
5267,88.226555
5268,87.92156
5269,87.97582
5270,88.53791
5271,89.31287
5272,88.179085
5273,88.03702
5274,88.14484
5275,88.27146
5276,87.856415
5277,87.84191
5278,87.99049
5279,87.92112
5280,87.765175
5281,87.806046
5282,87.8366
5283,87.7629
5284,87.890274
5285,88.13877
5286,87.91161
5287,87.970955
5288,87.88232
5289,88.23979
5290,88.20101
5291,87.87805
5292,87.9453
5293,87.72844
5294,87.75314
5295,88.024506
5296,88.02825
5297,87.92544
5298,87.443726
5299,87.55086
5300,87.88496
5301,87.86477
5302,87.68873
5303,88.13083
5304,87.56793
5305,88.13393
5306,88.147385
5307,87.86447
5308,88.21997
5309,88.27191
5310,88.14311
5311,88.11694
5312,88.226555
5313,87.890915
5314,88.13093
5315,88.16599
5316,88.14084
5317,88.15221
5318,88.20985
5319,88.19464
5320,88.2259
5321,87.97582
5322,88.195564
5323,88.19464
5324,88.565895
5325,88.80586
5326,88.05588
5327,88.4118
5328,88.319435
5329,88.226555
5330,88.204414
5331,88.116234
